Class,Average Precision,Average Recall
pedestrian,0.0,0.0
car,0.33862948874509013,0.35456056935958724
truck,0.14846278317152103,0.15688858067498845
bus,0.047734627831715205,0.041545307443365695
motorcycle,0.047087378640776695,0.04085760517799353
bicycle,0.02912621359223301,0.02912621359223301
