Class,Average Precision,Average Recall
pedestrian,0.32927233796799016,0.2951913625826669
car,0.27749679007442984,0.2839995692206142
truck,0.3210835058661145,0.31535541752933055
bus,0.0,0.0
motorcycle,0.0,0.0
bicycle,0.16114561766735683,0.14216701173222912
